timestampMs,poorSignal,eegRawValue,eegRawValueVolts,attention,meditation,blinkStrength,delta,theta,alphaLow,alphaHigh,betaLow,betaHigh,gammaLow,gammaMid,tagEvent,location
1621871057039,0,-377,-8.28369140625E-5,51,44,41,550951,70520,16771126,21653,58774,16746707,13981,4165,Tag0,unknown
1621871057140,0,120,2.63671875E-5,38,48,41,963451,169817,71965,32521,11905,16691,10419,2359,Tag0,unknown
1621871057240,0,-118,-2.5927734375E-5,38,48,41,963451,169817,71965,32521,11905,16691,10419,2359,Tag0,unknown
1621871057340,0,-295,-6.48193359375E-5,38,48,41,963451,169817,71965,32521,11905,16691,10419,2359,Tag0,unknown
1621871057440,0,18,3.955078125E-6,38,48,41,963451,169817,71965,32521,11905,16691,10419,2359,Tag0,unknown
1621871057540,0,11,2.4169921875E-6,38,48,41,963451,169817,71965,32521,11905,16691,10419,2359,Tag0,unknown
1621871057641,0,107,2.35107421875E-5,38,48,41,963451,169817,71965,32521,11905,16691,10419,2359,Tag0,unknown
1621871057741,0,57,1.2524414062500001E-5,38,48,41,963451,169817,71965,32521,11905,16691,10419,2359,Tag0,unknown
1621871057841,0,97,2.13134765625E-5,38,48,41,963451,169817,71965,32521,11905,16691,10419,2359,Tag0,unknown
1621871057944,0,41,9.008789062499999E-6,38,48,41,963451,169817,71965,32521,11905,16691,10419,2359,Tag0,unknown
1621871058045,0,-61,-1.34033203125E-5,38,48,41,963451,169817,71965,32521,11905,16691,10419,2359,Tag0,unknown
1621871058158,0,-333,-7.316894531249999E-5,50,48,41,229924,22305,16549,7916,9912,5540,2162,332,Tag0,unknown
1621871058262,0,-277,-6.0864257812500005E-5,50,48,41,229924,22305,16549,7916,9912,5540,2162,332,Tag0,unknown
1621871058362,0,-294,-6.4599609375E-5,50,48,41,229924,22305,16549,7916,9912,5540,2162,332,Tag0,unknown
1621871058462,0,-323,-7.09716796875E-5,50,48,41,229924,22305,16549,7916,9912,5540,2162,332,Tag0,unknown
1621871058577,0,19,4.1748046875E-6,50,48,41,229924,22305,16549,7916,9912,5540,2162,332,Tag0,unknown
1621871058680,0,1,2.197265625E-7,50,48,41,229924,22305,16549,7916,9912,5540,2162,332,Tag0,unknown
1621871058793,0,32,7.03125E-6,50,48,41,229924,22305,16549,7916,9912,5540,2162,332,Tag0,unknown
1621871058894,0,-185,-4.06494140625E-5,50,48,41,229924,22305,16549,7916,9912,5540,2162,332,Tag0,unknown
1621871058995,0,123,2.70263671875E-5,50,48,41,229924,22305,16549,7916,9912,5540,2162,332,Tag0,unknown
1621871059095,0,80,1.7578125E-5,50,48,41,229924,22305,16549,7916,9912,5540,2162,332,Tag0,unknown
1621871059195,0,91,1.99951171875E-5,51,64,41,311951,16745892,31432,16756293,16748307,8392,5980,1267,Tag0,unknown
1621871059295,0,75,1.64794921875E-5,51,64,41,311951,16745892,31432,16756293,16748307,8392,5980,1267,Tag0,unknown
1621871059395,0,-286,-6.2841796875E-5,51,64,41,311951,16745892,31432,16756293,16748307,8392,5980,1267,Tag0,unknown
1621871059495,0,84,1.8457031250000004E-5,51,64,41,311951,16745892,31432,16756293,16748307,8392,5980,1267,Tag0,unknown
1621871059597,0,-117,-2.5708007812499998E-5,51,64,41,311951,16745892,31432,16756293,16748307,8392,5980,1267,Tag0,unknown
1621871059698,0,87,1.91162109375E-5,51,64,41,311951,16745892,31432,16756293,16748307,8392,5980,1267,Tag0,unknown
1621871059798,0,108,2.3730468750000002E-5,51,64,41,311951,16745892,31432,16756293,16748307,8392,5980,1267,Tag0,unknown
1621871059898,0,13,2.8564453125E-6,51,64,41,311951,16745892,31432,16756293,16748307,8392,5980,1267,Tag0,unknown
1621871059998,0,-128,-2.8125E-5,51,64,41,311951,16745892,31432,16756293,16748307,8392,5980,1267,Tag0,unknown
1621871060098,0,-284,-6.240234375E-5,51,64,41,311951,16745892,31432,16756293,16748307,8392,5980,1267,Tag0,unknown
1621871060198,0,-269,-5.9106445312499996E-5,40,61,41,61389,16771592,12390,3727,6635,5845,1550,2118,Tag0,unknown
1621871060298,0,-80,-1.7578125E-5,40,61,41,61389,16771592,12390,3727,6635,5845,1550,2118,Tag0,unknown
1621871060401,0,-101,-2.2192382812500002E-5,40,61,41,61389,16771592,12390,3727,6635,5845,1550,2118,Tag0,unknown
1621871060517,0,-331,-7.272949218750001E-5,40,61,41,61389,16771592,12390,3727,6635,5845,1550,2118,Tag0,unknown
1621871060617,0,58,1.2744140625E-5,40,61,41,61389,16771592,12390,3727,6635,5845,1550,2118,Tag0,unknown
1621871060717,0,104,2.28515625E-5,40,61,41,61389,16771592,12390,3727,6635,5845,1550,2118,Tag0,unknown
1621871060819,0,58,1.2744140625E-5,40,61,41,61389,16771592,12390,3727,6635,5845,1550,2118,Tag0,unknown
1621871060933,0,124,2.724609375E-5,40,61,41,61389,16771592,12390,3727,6635,5845,1550,2118,Tag0,unknown
1621871061034,0,50,1.0986328125E-5,40,61,41,61389,16771592,12390,3727,6635,5845,1550,2118,Tag0,unknown
1621871061134,0,58,1.2744140625E-5,26,51,41,2045029,771310,36934,20639,16744366,14401,10301,1923,Tag0,unknown
1621871061234,0,99,2.1752929687500003E-5,26,51,41,2045029,771310,36934,20639,16744366,14401,10301,1923,Tag0,unknown
1621871061334,0,-530,-1.16455078125E-4,26,51,41,2045029,771310,36934,20639,16744366,14401,10301,1923,Tag0,unknown
1621871061434,0,74,1.6259765625E-5,26,51,41,2045029,771310,36934,20639,16744366,14401,10301,1923,Tag0,unknown
1621871061534,0,105,2.30712890625E-5,26,51,41,2045029,771310,36934,20639,16744366,14401,10301,1923,Tag0,unknown
1621871061635,0,88,1.93359375E-5,26,51,41,2045029,771310,36934,20639,16744366,14401,10301,1923,Tag0,unknown
1621871061736,0,-305,-6.70166015625E-5,26,51,41,2045029,771310,36934,20639,16744366,14401,10301,1923,Tag0,unknown
1621871061836,0,-370,-8.1298828125E-5,26,51,41,2045029,771310,36934,20639,16744366,14401,10301,1923,Tag0,unknown
1621871061951,0,-59,-1.29638671875E-5,26,51,41,2045029,771310,36934,20639,16744366,14401,10301,1923,Tag0,unknown
1621871062053,0,-276,-6.064453125E-5,26,51,41,2045029,771310,36934,20639,16744366,14401,10301,1923,Tag0,unknown
1621871062157,0,-323,-7.09716796875E-5,26,51,41,2045029,771310,36934,20639,16744366,14401,10301,1923,Tag0,unknown
1621871062269,0,37,8.1298828125E-6,24,56,41,2219467,149891,16770462,59919,27627,16744890,26038,9305,Tag0,unknown
1621871062370,0,118,2.5927734375E-5,24,56,41,2219467,149891,16770462,59919,27627,16744890,26038,9305,Tag0,unknown
1621871062473,0,-359,-7.88818359375E-5,24,56,41,2219467,149891,16770462,59919,27627,16744890,26038,9305,Tag0,unknown
1621871062588,0,-92,-2.021484375E-5,24,56,41,2219467,149891,16770462,59919,27627,16744890,26038,9305,Tag0,unknown
1621871062688,0,-69,-1.51611328125E-5,24,56,49,2219467,149891,16770462,59919,27627,16744890,26038,9305,Tag0,unknown
1621871062788,0,42,9.228515625000002E-6,24,56,49,2219467,149891,16770462,59919,27627,16744890,26038,9305,Tag0,unknown
1621871062888,0,9,1.9775390625E-6,24,56,49,2219467,149891,16770462,59919,27627,16744890,26038,9305,Tag0,unknown
1621871062988,0,53,1.1645507812500002E-5,24,56,49,2219467,149891,16770462,59919,27627,16744890,26038,9305,Tag0,unknown
1621871063089,0,92,2.021484375E-5,24,56,49,2219467,149891,16770462,59919,27627,16744890,26038,9305,Tag0,unknown
1621871063190,0,-257,-5.64697265625E-5,17,47,49,1810155,615128,102240,84040,11837,16750084,14164,8041,Tag0,unknown
1621871063291,0,-299,-6.56982421875E-5,17,47,49,1810155,615128,102240,84040,11837,16750084,14164,8041,Tag0,unknown
1621871063421,0,56,1.23046875E-5,17,47,49,1810155,615128,102240,84040,11837,16750084,14164,8041,Tag0,unknown
1621871063522,0,-101,-2.2192382812500002E-5,17,47,49,1810155,615128,102240,84040,11837,16750084,14164,8041,Tag0,unknown
1621871063622,0,119,2.6147460937500004E-5,17,47,49,1810155,615128,102240,84040,11837,16750084,14164,8041,Tag0,unknown
1621871063724,0,24,5.2734375E-6,17,47,49,1810155,615128,102240,84040,11837,16750084,14164,8041,Tag0,unknown
1621871063824,0,-374,-8.2177734375E-5,17,47,49,1810155,615128,102240,84040,11837,16750084,14164,8041,Tag0,unknown
1621871063941,0,-84,-1.8457031250000004E-5,17,47,49,1810155,615128,102240,84040,11837,16750084,14164,8041,Tag0,unknown
1621871064056,0,107,2.35107421875E-5,17,47,49,1810155,615128,102240,84040,11837,16750084,14164,8041,Tag0,unknown
1621871064160,0,25,5.4931640625E-6,23,47,49,824008,132332,24000,18561,19504,19158,3238,3987,Tag0,unknown
1621871064264,0,83,1.82373046875E-5,23,47,49,824008,132332,24000,18561,19504,19158,3238,3987,Tag0,unknown
1621871064374,0,64,1.40625E-5,23,47,49,824008,132332,24000,18561,19504,19158,3238,3987,Tag0,unknown
1621871064474,0,-309,-6.78955078125E-5,23,47,49,824008,132332,24000,18561,19504,19158,3238,3987,Tag0,unknown
1621871064575,0,-315,-6.92138671875E-5,23,47,49,824008,132332,24000,18561,19504,19158,3238,3987,Tag0,unknown
1621871064676,0,11,2.4169921875E-6,23,47,49,824008,132332,24000,18561,19504,19158,3238,3987,Tag0,unknown
1621871064777,0,-117,-2.5708007812499998E-5,23,47,49,824008,132332,24000,18561,19504,19158,3238,3987,Tag0,unknown
1621871064878,0,60,1.318359375E-5,23,47,49,824008,132332,24000,18561,19504,19158,3238,3987,Tag0,unknown
1621871064978,0,5,1.0986328125E-6,23,47,49,824008,132332,24000,18561,19504,19158,3238,3987,Tag0,unknown
1621871065078,0,-167,-3.6694335937500004E-5,23,47,49,824008,132332,24000,18561,19504,19158,3238,3987,Tag0,unknown
1621871065178,0,56,1.23046875E-5,35,66,49,1161608,82827,29006,68349,11459,8236,9522,2492,Tag0,unknown
1621871065279,0,-275,-6.04248046875E-5,35,66,49,1161608,82827,29006,68349,11459,8236,9522,2492,Tag0,unknown
1621871065379,0,-373,-8.19580078125E-5,35,66,49,1161608,82827,29006,68349,11459,8236,9522,2492,Tag0,unknown
1621871065480,0,-257,-5.64697265625E-5,35,66,49,1161608,82827,29006,68349,11459,8236,9522,2492,Tag0,unknown
1621871065594,0,32,7.03125E-6,35,66,49,1161608,82827,29006,68349,11459,8236,9522,2492,Tag0,unknown
1621871065695,0,-267,-5.86669921875E-5,35,66,49,1161608,82827,29006,68349,11459,8236,9522,2492,Tag0,unknown
1621871065796,0,4,8.7890625E-7,35,66,49,1161608,82827,29006,68349,11459,8236,9522,2492,Tag0,unknown
1621871065896,0,-94,-2.0654296875000002E-5,35,66,44,1161608,82827,29006,68349,11459,8236,9522,2492,Tag0,unknown
1621871065997,0,115,2.52685546875E-5,35,66,44,1161608,82827,29006,68349,11459,8236,9522,2492,Tag0,unknown
1621871066100,0,-88,-1.93359375E-5,35,66,37,1161608,82827,29006,68349,11459,8236,9522,2492,Tag0,unknown
1621871066200,0,-58,-1.2744140625E-5,17,60,37,314996,259592,16746719,138204,20769,12641,19539,3049,Tag0,unknown
1621871066313,0,-79,-1.7358398437500003E-5,17,60,37,314996,259592,16746719,138204,20769,12641,19539,3049,Tag0,unknown
1621871066413,0,20,4.39453125E-6,17,60,37,314996,259592,16746719,138204,20769,12641,19539,3049,Tag0,unknown
1621871066513,0,82,1.8017578124999998E-5,17,60,37,314996,259592,16746719,138204,20769,12641,19539,3049,Tag0,unknown
1621871066613,0,60,1.318359375E-5,17,60,37,314996,259592,16746719,138204,20769,12641,19539,3049,Tag0,unknown
1621871066713,0,-296,-6.50390625E-5,17,60,37,314996,259592,16746719,138204,20769,12641,19539,3049,Tag0,unknown
1621871066813,0,52,1.142578125E-5,17,60,37,314996,259592,16746719,138204,20769,12641,19539,3049,Tag0,unknown
1621871066915,0,114,2.5048828125000003E-5,17,60,37,314996,259592,16746719,138204,20769,12641,19539,3049,Tag0,unknown
1621871067015,0,-302,-6.6357421875E-5,17,60,37,314996,259592,16746719,138204,20769,12641,19539,3049,Tag0,unknown
1621871067115,0,123,2.70263671875E-5,17,60,37,314996,259592,16746719,138204,20769,12641,19539,3049,Tag0,unknown
1621871067217,0,96,2.109375E-5,21,56,37,640695,234895,16749146,70067,68735,21202,7697,7552,Tag0,unknown
1621871067332,0,-103,-2.26318359375E-5,21,56,37,640695,234895,16749146,70067,68735,21202,7697,7552,Tag0,unknown
1621871067432,0,-340,-7.470703125E-5,21,56,37,640695,234895,16749146,70067,68735,21202,7697,7552,Tag0,unknown
1621871067532,0,-58,-1.2744140625E-5,21,56,37,640695,234895,16749146,70067,68735,21202,7697,7552,Tag0,unknown
1621871067632,0,42,9.228515625000002E-6,21,56,37,640695,234895,16749146,70067,68735,21202,7697,7552,Tag0,unknown
1621871067733,0,53,1.1645507812500002E-5,21,56,37,640695,234895,16749146,70067,68735,21202,7697,7552,Tag0,unknown
1621871067833,0,-285,-6.26220703125E-5,21,56,37,640695,234895,16749146,70067,68735,21202,7697,7552,Tag0,unknown
1621871067933,0,27,5.9326171875000005E-6,21,56,37,640695,234895,16749146,70067,68735,21202,7697,7552,Tag0,unknown
1621871068034,0,71,1.56005859375E-5,21,56,37,640695,234895,16749146,70067,68735,21202,7697,7552,Tag0,unknown
1621871068134,0,-104,-2.28515625E-5,13,67,37,989989,58019,16763247,16767209,13585,12579,3531,2283,Tag0,unknown
1621871068234,0,-123,-2.70263671875E-5,13,67,37,989989,58019,16763247,16767209,13585,12579,3531,2283,Tag0,unknown
1621871068334,0,1,2.197265625E-7,13,67,37,989989,58019,16763247,16767209,13585,12579,3531,2283,Tag0,unknown
1621871068436,0,37,8.1298828125E-6,13,67,37,989989,58019,16763247,16767209,13585,12579,3531,2283,Tag0,unknown
1621871068542,0,101,2.2192382812500002E-5,13,67,37,989989,58019,16763247,16767209,13585,12579,3531,2283,Tag0,unknown
1621871068651,0,-96,-2.109375E-5,13,67,37,989989,58019,16763247,16767209,13585,12579,3531,2283,Tag0,unknown
1621871068751,0,101,2.2192382812500002E-5,13,67,37,989989,58019,16763247,16767209,13585,12579,3531,2283,Tag0,unknown
1621871068854,0,43,9.448242187500001E-6,13,67,37,989989,58019,16763247,16767209,13585,12579,3531,2283,Tag0,unknown
1621871068954,0,21,4.614257812500001E-6,13,67,37,989989,58019,16763247,16767209,13585,12579,3531,2283,Tag0,unknown
1621871069069,0,92,2.021484375E-5,13,67,37,989989,58019,16763247,16767209,13585,12579,3531,2283,Tag0,unknown
1621871069169,0,-261,-5.73486328125E-5,20,57,37,761174,157138,16754258,16769046,91386,24308,5919,2565,Tag0,unknown
1621871069270,0,6,1.318359375E-6,20,57,37,761174,157138,16754258,16769046,91386,24308,5919,2565,Tag0,unknown
1621871069371,0,59,1.29638671875E-5,20,57,37,761174,157138,16754258,16769046,91386,24308,5919,2565,Tag0,unknown
1621871069488,0,97,2.13134765625E-5,20,57,37,761174,157138,16754258,16769046,91386,24308,5919,2565,Tag0,unknown
1621871069588,0,64,1.40625E-5,20,57,37,761174,157138,16754258,16769046,91386,24308,5919,2565,Tag0,unknown
1621871069688,0,100,2.197265625E-5,20,57,37,761174,157138,16754258,16769046,91386,24308,5919,2565,Tag0,unknown
1621871069793,0,19,4.1748046875E-6,20,57,37,761174,157138,16754258,16769046,91386,24308,5919,2565,Tag0,unknown
1621871069904,0,-128,-2.8125E-5,20,57,37,761174,157138,16754258,16769046,91386,24308,5919,2565,Tag0,unknown
1621871070006,0,86,1.8896484375000003E-5,20,57,37,761174,157138,16754258,16769046,91386,24308,5919,2565,Tag0,unknown
1621871070106,0,101,2.2192382812500002E-5,20,57,37,761174,157138,16754258,16769046,91386,24308,5919,2565,Tag0,unknown
1621871070209,0,27,5.9326171875000005E-6,29,57,37,357919,99962,1815,93888,8937,17071,4961,1338,Tag0,unknown
1621871070323,0,65,1.42822265625E-5,29,57,37,357919,99962,1815,93888,8937,17071,4961,1338,Tag0,unknown
1621871070423,0,-264,-5.80078125E-5,29,57,37,357919,99962,1815,93888,8937,17071,4961,1338,Tag0,unknown
1621871070525,0,50,1.0986328125E-5,29,57,37,357919,99962,1815,93888,8937,17071,4961,1338,Tag0,unknown
1621871070641,0,42,9.228515625000002E-6,29,57,37,357919,99962,1815,93888,8937,17071,4961,1338,Tag0,unknown
1621871070741,0,34,7.4707031250000005E-6,29,57,37,357919,99962,1815,93888,8937,17071,4961,1338,Tag0,unknown
1621871070841,0,37,8.1298828125E-6,29,57,37,357919,99962,1815,93888,8937,17071,4961,1338,Tag0,unknown
1621871070941,0,54,1.1865234375000001E-5,29,57,37,357919,99962,1815,93888,8937,17071,4961,1338,Tag0,unknown
1621871071041,0,57,1.2524414062500001E-5,29,57,37,357919,99962,1815,93888,8937,17071,4961,1338,Tag0,unknown
1621871071148,0,-275,-6.04248046875E-5,37,74,37,5156,29692,14133,16771708,27082,9698,4387,1184,Tag0,unknown
1621871071260,0,98,2.1533203125E-5,37,74,37,5156,29692,14133,16771708,27082,9698,4387,1184,Tag0,unknown
1621871071360,0,60,1.318359375E-5,37,74,37,5156,29692,14133,16771708,27082,9698,4387,1184,Tag0,unknown
1621871071462,0,48,1.0546875E-5,37,74,37,5156,29692,14133,16771708,27082,9698,4387,1184,Tag0,unknown
1621871071562,0,20,4.39453125E-6,37,74,37,5156,29692,14133,16771708,27082,9698,4387,1184,Tag0,unknown
1621871071662,0,33,7.2509765625E-6,37,74,37,5156,29692,14133,16771708,27082,9698,4387,1184,Tag0,unknown
1621871071776,0,76,1.669921875E-5,37,74,37,5156,29692,14133,16771708,27082,9698,4387,1184,Tag0,unknown
1621871071878,0,42,9.228515625000002E-6,37,74,37,5156,29692,14133,16771708,27082,9698,4387,1184,Tag0,unknown
1621871071978,0,66,1.4501953125E-5,37,74,37,5156,29692,14133,16771708,27082,9698,4387,1184,Tag0,unknown
1621871072082,0,22,4.833984375E-6,37,74,37,5156,29692,14133,16771708,27082,9698,4387,1184,Tag0,unknown
1621871072193,0,80,1.7578125E-5,44,70,37,37943,16771046,17760,16756268,28379,12203,7220,2483,Tag0,unknown
1621871072296,0,38,8.349609375E-6,44,70,37,37943,16771046,17760,16756268,28379,12203,7220,2483,Tag0,unknown
1621871072396,0,-257,-5.64697265625E-5,44,70,37,37943,16771046,17760,16756268,28379,12203,7220,2483,Tag0,unknown
1621871072511,0,114,2.5048828125000003E-5,44,70,37,37943,16771046,17760,16756268,28379,12203,7220,2483,Tag0,unknown
1621871072612,0,51,1.1206054687499999E-5,44,70,37,37943,16771046,17760,16756268,28379,12203,7220,2483,Tag0,unknown
1621871072713,0,17,3.7353515625000003E-6,44,70,37,37943,16771046,17760,16756268,28379,12203,7220,2483,Tag0,unknown
1621871072813,0,29,6.3720703125E-6,44,70,37,37943,16771046,17760,16756268,28379,12203,7220,2483,Tag0,unknown
1621871072913,0,-276,-6.064453125E-5,44,70,37,37943,16771046,17760,16756268,28379,12203,7220,2483,Tag0,unknown
1621871073015,0,28,6.15234375E-6,44,70,37,37943,16771046,17760,16756268,28379,12203,7220,2483,Tag0,unknown
1621871073131,0,66,1.4501953125E-5,44,70,37,37943,16771046,17760,16756268,28379,12203,7220,2483,Tag0,unknown
1621871073231,0,24,5.2734375E-6,41,80,37,401063,76071,16745184,16767019,12032,10440,5004,2043,Tag0,unknown
1621871073331,0,76,1.669921875E-5,41,80,37,401063,76071,16745184,16767019,12032,10440,5004,2043,Tag0,unknown
1621871073431,0,-268,-5.8886718750000006E-5,41,80,37,401063,76071,16745184,16767019,12032,10440,5004,2043,Tag0,unknown
1621871073531,0,76,1.669921875E-5,41,80,37,401063,76071,16745184,16767019,12032,10440,5004,2043,Tag0,unknown
1621871073632,0,37,8.1298828125E-6,41,80,37,401063,76071,16745184,16767019,12032,10440,5004,2043,Tag0,unknown
1621871073732,0,99,2.1752929687500003E-5,41,80,37,401063,76071,16745184,16767019,12032,10440,5004,2043,Tag0,unknown
1621871073832,0,54,1.1865234375000001E-5,41,80,37,401063,76071,16745184,16767019,12032,10440,5004,2043,Tag0,unknown
1621871073933,0,72,1.58203125E-5,41,80,37,401063,76071,16745184,16767019,12032,10440,5004,2043,Tag0,unknown
1621871074049,0,48,1.0546875E-5,41,80,37,401063,76071,16745184,16767019,12032,10440,5004,2043,Tag0,unknown
1621871074151,0,4,8.7890625E-7,48,81,37,526175,16750142,4319,16749420,30173,10529,7346,490,Tag0,unknown
1621871074269,0,90,1.9775390625E-5,48,81,37,526175,16750142,4319,16749420,30173,10529,7346,490,Tag0,unknown
1621871074369,0,3,6.591796875E-7,48,81,37,526175,16750142,4319,16749420,30173,10529,7346,490,Tag0,unknown
1621871074469,0,-374,-8.2177734375E-5,48,81,37,526175,16750142,4319,16749420,30173,10529,7346,490,Tag0,unknown
1621871074582,0,104,2.28515625E-5,48,81,37,526175,16750142,4319,16749420,30173,10529,7346,490,Tag0,unknown
1621871074683,0,90,1.9775390625E-5,48,81,37,526175,16750142,4319,16749420,30173,10529,7346,490,Tag0,unknown
1621871074784,0,1,2.197265625E-7,48,81,37,526175,16750142,4319,16749420,30173,10529,7346,490,Tag0,unknown
1621871074884,0,90,1.9775390625E-5,48,81,37,526175,16750142,4319,16749420,30173,10529,7346,490,Tag0,unknown
1621871074984,0,-314,-6.8994140625E-5,48,81,37,526175,16750142,4319,16749420,30173,10529,7346,490,Tag0,unknown
1621871075085,0,54,1.1865234375000001E-5,48,81,37,526175,16750142,4319,16749420,30173,10529,7346,490,Tag0,unknown
1621871075188,0,3,6.591796875E-7,41,69,37,429424,42986,16745846,21703,18150,8459,3860,2417,Tag0,unknown
1621871075303,0,75,1.64794921875E-5,41,69,37,429424,42986,16745846,21703,18150,8459,3860,2417,Tag0,unknown
1621871075403,0,52,1.142578125E-5,41,69,37,429424,42986,16745846,21703,18150,8459,3860,2417,Tag0,unknown
1621871075503,0,92,2.021484375E-5,41,69,37,429424,42986,16745846,21703,18150,8459,3860,2417,Tag0,unknown
1621871075603,0,9,1.9775390625E-6,41,69,37,429424,42986,16745846,21703,18150,8459,3860,2417,Tag0,unknown
1621871075703,0,-297,-6.525878906250001E-5,41,69,37,429424,42986,16745846,21703,18150,8459,3860,2417,Tag0,unknown
1621871075804,0,-108,-2.3730468750000002E-5,41,69,37,429424,42986,16745846,21703,18150,8459,3860,2417,Tag0,unknown
1621871075904,0,67,1.4721679687500002E-5,41,69,37,429424,42986,16745846,21703,18150,8459,3860,2417,Tag0,unknown
1621871076005,0,54,1.1865234375000001E-5,41,69,37,429424,42986,16745846,21703,18150,8459,3860,2417,Tag0,unknown
1621871076105,0,28,6.15234375E-6,41,69,37,429424,42986,16745846,21703,18150,8459,3860,2417,Tag0,unknown
1621871076224,0,70,1.5380859375E-5,34,64,37,1857226,158656,16766675,16037,8400,11624,3971,1627,Tag0,unknown
1621871076338,0,57,1.2524414062500001E-5,34,64,37,1857226,158656,16766675,16037,8400,11624,3971,1627,Tag0,unknown
1621871076441,0,66,1.4501953125E-5,34,64,37,1857226,158656,16766675,16037,8400,11624,3971,1627,Tag0,unknown
1621871076559,0,-259,-5.69091796875E-5,34,64,37,1857226,158656,16766675,16037,8400,11624,3971,1627,Tag0,unknown
1621871076670,0,77,1.69189453125E-5,34,64,37,1857226,158656,16766675,16037,8400,11624,3971,1627,Tag0,unknown
1621871076773,0,6,1.318359375E-6,34,64,37,1857226,158656,16766675,16037,8400,11624,3971,1627,Tag0,unknown
1621871076873,0,48,1.0546875E-5,34,64,37,1857226,158656,16766675,16037,8400,11624,3971,1627,Tag0,unknown
1621871076973,0,25,5.4931640625E-6,34,64,37,1857226,158656,16766675,16037,8400,11624,3971,1627,Tag0,unknown
1621871077073,0,100,2.197265625E-5,34,64,37,1857226,158656,16766675,16037,8400,11624,3971,1627,Tag0,unknown
1621871077173,0,54,1.1865234375000001E-5,30,63,37,348045,89877,16766830,29339,16915,8498,4108,3713,Tag0,unknown
1621871077273,0,-71,-1.56005859375E-5,30,63,37,348045,89877,16766830,29339,16915,8498,4108,3713,Tag0,unknown
1621871077374,0,-269,-5.9106445312499996E-5,30,63,37,348045,89877,16766830,29339,16915,8498,4108,3713,Tag0,unknown
1621871077475,0,83,1.82373046875E-5,30,63,37,348045,89877,16766830,29339,16915,8498,4108,3713,Tag0,unknown
1621871077575,0,68,1.4941406250000001E-5,30,63,37,348045,89877,16766830,29339,16915,8498,4108,3713,Tag0,unknown
1621871077675,0,-125,-2.74658203125E-5,30,63,37,348045,89877,16766830,29339,16915,8498,4108,3713,Tag0,unknown
1621871077776,0,96,2.109375E-5,30,63,37,348045,89877,16766830,29339,16915,8498,4108,3713,Tag0,unknown
1621871077876,0,74,1.6259765625E-5,30,63,37,348045,89877,16766830,29339,16915,8498,4108,3713,Tag0,unknown
1621871077976,0,32,7.03125E-6,30,63,37,348045,89877,16766830,29339,16915,8498,4108,3713,Tag0,unknown
1621871078076,0,82,1.8017578124999998E-5,30,63,37,348045,89877,16766830,29339,16915,8498,4108,3713,Tag0,unknown
1621871078177,0,65,1.42822265625E-5,24,56,37,58920,136870,21763,27503,24006,13960,7089,2041,Tag0,unknown
1621871078278,0,-154,-3.3837890625E-5,24,56,37,58920,136870,21763,27503,24006,13960,7089,2041,Tag0,unknown
1621871078393,0,106,2.3291015625000003E-5,24,56,37,58920,136870,21763,27503,24006,13960,7089,2041,Tag0,unknown
1621871078493,0,-112,-2.4609375E-5,24,56,37,58920,136870,21763,27503,24006,13960,7089,2041,Tag0,unknown
1621871078593,0,-290,-6.3720703125E-5,24,56,37,58920,136870,21763,27503,24006,13960,7089,2041,Tag0,unknown
1621871078693,0,107,2.35107421875E-5,24,56,37,58920,136870,21763,27503,24006,13960,7089,2041,Tag0,unknown
1621871078794,0,34,7.4707031250000005E-6,24,56,37,58920,136870,21763,27503,24006,13960,7089,2041,Tag0,unknown
1621871078894,0,-108,-2.3730468750000002E-5,24,56,37,58920,136870,21763,27503,24006,13960,7089,2041,Tag0,unknown
1621871078996,0,-257,-5.64697265625E-5,24,56,37,58920,136870,21763,27503,24006,13960,7089,2041,Tag0,unknown
1621871079096,0,26,5.712890625E-6,24,56,37,58920,136870,21763,27503,24006,13960,7089,2041,Tag0,unknown
1621871079196,0,43,9.448242187500001E-6,20,44,37,356284,103017,10368,17593,16758940,6647,3437,1173,Tag0,unknown
1621871079296,0,-293,-6.43798828125E-5,20,44,37,356284,103017,10368,17593,16758940,6647,3437,1173,Tag0,unknown
1621871079400,0,34,7.4707031250000005E-6,20,44,37,356284,103017,10368,17593,16758940,6647,3437,1173,Tag0,unknown
1621871079512,0,48,1.0546875E-5,20,44,37,356284,103017,10368,17593,16758940,6647,3437,1173,Tag0,unknown
1621871079612,0,65,1.42822265625E-5,20,44,37,356284,103017,10368,17593,16758940,6647,3437,1173,Tag0,unknown
1621871079713,0,58,1.2744140625E-5,20,44,37,356284,103017,10368,17593,16758940,6647,3437,1173,Tag0,unknown
1621871079813,0,-261,-5.73486328125E-5,20,44,37,356284,103017,10368,17593,16758940,6647,3437,1173,Tag0,unknown
1621871079913,0,64,1.40625E-5,20,44,37,356284,103017,10368,17593,16758940,6647,3437,1173,Tag0,unknown
1621871080015,0,-294,-6.4599609375E-5,20,44,37,356284,103017,10368,17593,16758940,6647,3437,1173,Tag0,unknown
1621871080115,0,44,9.66796875E-6,20,44,37,356284,103017,10368,17593,16758940,6647,3437,1173,Tag0,unknown
1621871080215,0,118,2.5927734375E-5,23,44,37,30321,157405,16755373,30735,16516,15330,2333,4108,Tag0,unknown
1621871080316,0,-278,-6.108398437500001E-5,23,44,37,30321,157405,16755373,30735,16516,15330,2333,4108,Tag0,unknown
1621871080417,0,64,1.40625E-5,23,44,37,30321,157405,16755373,30735,16516,15330,2333,4108,Tag0,unknown
1621871080517,0,38,8.349609375E-6,23,44,37,30321,157405,16755373,30735,16516,15330,2333,4108,Tag0,unknown
1621871080617,0,-260,-5.712890625E-5,23,44,37,30321,157405,16755373,30735,16516,15330,2333,4108,Tag0,unknown
1621871080717,0,67,1.4721679687500002E-5,23,44,37,30321,157405,16755373,30735,16516,15330,2333,4108,Tag0,unknown
1621871080822,0,33,7.2509765625E-6,23,44,37,30321,157405,16755373,30735,16516,15330,2333,4108,Tag0,unknown
1621871080932,0,82,1.8017578124999998E-5,23,44,37,30321,157405,16755373,30735,16516,15330,2333,4108,Tag0,unknown
1621871081032,0,52,1.142578125E-5,23,44,37,30321,157405,16755373,30735,16516,15330,2333,4108,Tag0,unknown
1621871081133,0,58,1.2744140625E-5,23,44,37,30321,157405,16755373,30735,16516,15330,2333,4108,Tag0,unknown
1621871081233,0,121,2.6586914062500003E-5,24,44,37,757592,86734,28809,16773136,22612,9824,1502,873,Tag0,unknown
1621871081344,0,77,1.69189453125E-5,24,44,37,757592,86734,28809,16773136,22612,9824,1502,873,Tag0,unknown
1621871081454,0,104,2.28515625E-5,24,44,37,757592,86734,28809,16773136,22612,9824,1502,873,Tag0,unknown
1621871081569,0,57,1.2524414062500001E-5,24,44,37,757592,86734,28809,16773136,22612,9824,1502,873,Tag0,unknown
1621871081684,0,38,8.349609375E-6,24,44,37,757592,86734,28809,16773136,22612,9824,1502,873,Tag0,unknown
1621871081784,0,-312,-6.85546875E-5,24,44,37,757592,86734,28809,16773136,22612,9824,1502,873,Tag0,unknown
1621871081885,0,84,1.8457031250000004E-5,24,44,37,757592,86734,28809,16773136,22612,9824,1502,873,Tag0,unknown
1621871081986,0,-262,-5.7568359375E-5,24,44,37,757592,86734,28809,16773136,22612,9824,1502,873,Tag0,unknown
1621871082089,0,36,7.91015625E-6,24,44,37,757592,86734,28809,16773136,22612,9824,1502,873,Tag0,unknown
1621871082200,0,48,1.0546875E-5,21,54,37,350880,16773068,28176,16754541,28791,7872,5960,9825,Tag0,unknown
1621871082302,0,102,2.2412109374999998E-5,21,54,37,350880,16773068,28176,16754541,28791,7872,5960,9825,Tag0,unknown
1621871082403,0,42,9.228515625000002E-6,21,54,37,350880,16773068,28176,16754541,28791,7872,5960,9825,Tag0,unknown
1621871082507,0,18,3.955078125E-6,21,54,37,350880,16773068,28176,16754541,28791,7872,5960,9825,Tag0,unknown
1621871082622,0,1,2.197265625E-7,21,54,37,350880,16773068,28176,16754541,28791,7872,5960,9825,Tag0,unknown
1621871082722,0,-74,-1.6259765625E-5,21,54,37,350880,16773068,28176,16754541,28791,7872,5960,9825,Tag0,unknown
1621871082822,0,27,5.9326171875000005E-6,21,54,37,350880,16773068,28176,16754541,28791,7872,5960,9825,Tag0,unknown
1621871082928,0,23,5.0537109375E-6,21,54,37,350880,16773068,28176,16754541,28791,7872,5960,9825,Tag0,unknown
1621871083038,0,-117,-2.5708007812499998E-5,21,54,37,350880,16773068,28176,16754541,28791,7872,5960,9825,Tag0,unknown
1621871083141,0,69,1.51611328125E-5,35,70,37,1132105,34430,16756307,16748604,11837,20656,5210,2868,Tag0,unknown
1621871083241,0,43,9.448242187500001E-6,35,70,37,1132105,34430,16756307,16748604,11837,20656,5210,2868,Tag0,unknown
1621871083356,0,-289,-6.35009765625E-5,35,70,37,1132105,34430,16756307,16748604,11837,20656,5210,2868,Tag0,unknown
1621871083456,0,-258,-5.6689453125000004E-5,35,70,37,1132105,34430,16756307,16748604,11837,20656,5210,2868,Tag0,unknown
1621871083560,0,53,1.1645507812500002E-5,35,70,37,1132105,34430,16756307,16748604,11837,20656,5210,2868,Tag0,unknown
1621871083672,0,7,1.5380859375E-6,35,70,37,1132105,34430,16756307,16748604,11837,20656,5210,2868,Tag0,unknown
1621871083772,0,81,1.77978515625E-5,35,70,37,1132105,34430,16756307,16748604,11837,20656,5210,2868,Tag0,unknown
1621871083873,0,11,2.4169921875E-6,35,70,37,1132105,34430,16756307,16748604,11837,20656,5210,2868,Tag0,unknown
1621871083973,0,104,2.28515625E-5,35,70,37,1132105,34430,16756307,16748604,11837,20656,5210,2868,Tag0,unknown
1621871084074,0,89,1.95556640625E-5,35,70,37,1132105,34430,16756307,16748604,11837,20656,5210,2868,Tag0,unknown
1621871084174,0,-276,-6.064453125E-5,35,69,37,16759839,16771332,14779,18514,26009,6318,9317,1912,Tag0,unknown
1621871084274,0,51,1.1206054687499999E-5,35,69,37,16759839,16771332,14779,18514,26009,6318,9317,1912,Tag0,unknown
1621871084375,0,119,2.6147460937500004E-5,35,69,37,16759839,16771332,14779,18514,26009,6318,9317,1912,Tag0,unknown
1621871084475,0,2,4.39453125E-7,35,69,37,16759839,16771332,14779,18514,26009,6318,9317,1912,Tag0,unknown
1621871084575,0,12,2.63671875E-6,35,69,37,16759839,16771332,14779,18514,26009,6318,9317,1912,Tag0,unknown
1621871084676,0,59,1.29638671875E-5,35,69,37,16759839,16771332,14779,18514,26009,6318,9317,1912,Tag0,unknown
1621871084776,0,36,7.91015625E-6,35,69,37,16759839,16771332,14779,18514,26009,6318,9317,1912,Tag0,unknown
1621871084876,0,48,1.0546875E-5,35,69,37,16759839,16771332,14779,18514,26009,6318,9317,1912,Tag0,unknown
1621871084977,0,42,9.228515625000002E-6,35,69,37,16759839,16771332,14779,18514,26009,6318,9317,1912,Tag0,unknown
1621871085077,0,54,1.1865234375000001E-5,35,69,37,16759839,16771332,14779,18514,26009,6318,9317,1912,Tag0,unknown
1621871085183,0,55,1.20849609375E-5,50,75,37,16767637,17517,7458,16751567,12241,14034,5486,1870,Tag0,unknown
1621871085293,0,54,1.1865234375000001E-5,50,75,37,16767637,17517,7458,16751567,12241,14034,5486,1870,Tag0,unknown
1621871085393,0,37,8.1298828125E-6,50,75,37,16767637,17517,7458,16751567,12241,14034,5486,1870,Tag0,unknown
1621871085496,0,-373,-8.19580078125E-5,50,75,37,16767637,17517,7458,16751567,12241,14034,5486,1870,Tag0,unknown
1621871085596,0,-124,-2.724609375E-5,50,75,37,16767637,17517,7458,16751567,12241,14034,5486,1870,Tag0,unknown
1621871085710,0,85,1.86767578125E-5,50,75,37,16767637,17517,7458,16751567,12241,14034,5486,1870,Tag0,unknown
1621871085810,0,-291,-6.39404296875E-5,50,75,37,16767637,17517,7458,16751567,12241,14034,5486,1870,Tag0,unknown
1621871085911,0,49,1.07666015625E-5,50,75,37,16767637,17517,7458,16751567,12241,14034,5486,1870,Tag0,unknown
1621871086012,0,40,8.7890625E-6,50,75,37,16767637,17517,7458,16751567,12241,14034,5486,1870,Tag0,unknown
1621871086112,0,21,4.614257812500001E-6,50,75,37,16767637,17517,7458,16751567,12241,14034,5486,1870,Tag0,unknown
1621871086212,0,67,1.4721679687500002E-5,53,75,37,587331,76980,16604,16774139,22621,12317,9496,651,Tag0,unknown
1621871086312,0,38,8.349609375E-6,53,75,37,587331,76980,16604,16774139,22621,12317,9496,651,Tag0,unknown
1621871086412,0,-268,-5.8886718750000006E-5,53,75,37,587331,76980,16604,16774139,22621,12317,9496,651,Tag0,unknown
1621871086512,0,3,6.591796875E-7,53,75,37,587331,76980,16604,16774139,22621,12317,9496,651,Tag0,unknown
1621871086613,0,-354,-7.778320312500001E-5,53,75,37,587331,76980,16604,16774139,22621,12317,9496,651,Tag0,unknown
1621871086713,0,92,2.021484375E-5,53,75,37,587331,76980,16604,16774139,22621,12317,9496,651,Tag0,unknown
1621871086814,0,91,1.99951171875E-5,53,75,37,587331,76980,16604,16774139,22621,12317,9496,651,Tag0,unknown
1621871086914,0,37,8.1298828125E-6,53,75,37,587331,76980,16604,16774139,22621,12317,9496,651,Tag0,unknown
1621871087014,0,-267,-5.86669921875E-5,53,75,37,587331,76980,16604,16774139,22621,12317,9496,651,Tag0,unknown
1621871087116,0,-280,-6.15234375E-5,53,75,37,587331,76980,16604,16774139,22621,12317,9496,651,Tag0,unknown
1621871087232,0,27,5.9326171875000005E-6,60,75,37,267189,16758691,13641,29057,13833,20486,2888,1691,Tag0,unknown
1621871087332,0,22,4.833984375E-6,60,75,37,267189,16758691,13641,29057,13833,20486,2888,1691,Tag0,unknown
1621871087432,0,85,1.86767578125E-5,60,75,37,267189,16758691,13641,29057,13833,20486,2888,1691,Tag0,unknown
1621871087532,0,81,1.77978515625E-5,60,75,37,267189,16758691,13641,29057,13833,20486,2888,1691,Tag0,unknown
1621871087632,0,41,9.008789062499999E-6,60,75,37,267189,16758691,13641,29057,13833,20486,2888,1691,Tag0,unknown
1621871087741,0,-358,-7.8662109375E-5,60,75,37,267189,16758691,13641,29057,13833,20486,2888,1691,Tag0,unknown
1621871087850,0,-91,-1.99951171875E-5,60,75,37,267189,16758691,13641,29057,13833,20486,2888,1691,Tag0,unknown
1621871087950,0,85,1.86767578125E-5,60,75,37,267189,16758691,13641,29057,13833,20486,2888,1691,Tag0,unknown
1621871088050,0,53,1.1645507812500002E-5,60,75,37,267189,16758691,13641,29057,13833,20486,2888,1691,Tag0,unknown
1621871088153,0,74,1.6259765625E-5,61,78,37,84988,72909,16748156,29327,16747440,10627,8269,2560,Tag0,unknown
1621871088253,0,115,2.52685546875E-5,61,78,37,84988,72909,16748156,29327,16747440,10627,8269,2560,Tag0,unknown
1621871088353,0,25,5.4931640625E-6,61,78,37,84988,72909,16748156,29327,16747440,10627,8269,2560,Tag0,unknown
1621871088453,0,42,9.228515625000002E-6,61,78,37,84988,72909,16748156,29327,16747440,10627,8269,2560,Tag0,unknown
1621871088568,0,41,9.008789062499999E-6,61,78,37,84988,72909,16748156,29327,16747440,10627,8269,2560,Tag0,unknown
1621871088669,0,69,1.51611328125E-5,61,78,37,84988,72909,16748156,29327,16747440,10627,8269,2560,Tag0,unknown
1621871088784,0,11,2.4169921875E-6,61,78,37,84988,72909,16748156,29327,16747440,10627,8269,2560,Tag0,unknown
1621871088885,0,49,1.07666015625E-5,61,78,37,84988,72909,16748156,29327,16747440,10627,8269,2560,Tag0,unknown
1621871088986,0,-333,-7.316894531249999E-5,61,78,37,84988,72909,16748156,29327,16747440,10627,8269,2560,Tag0,unknown
1621871089086,0,-127,-2.79052734375E-5,61,78,37,84988,72909,16748156,29327,16747440,10627,8269,2560,Tag0,unknown
1621871089186,0,113,2.48291015625E-5,56,61,37,12229,96097,23278,6589,20712,15788,2453,1723,Tag0,unknown
1621871089288,0,54,1.1865234375000001E-5,56,61,37,12229,96097,23278,6589,20712,15788,2453,1723,Tag0,unknown
1621871089389,0,-261,-5.73486328125E-5,56,61,37,12229,96097,23278,6589,20712,15788,2453,1723,Tag0,unknown
1621871089489,0,-290,-6.3720703125E-5,56,61,37,12229,96097,23278,6589,20712,15788,2453,1723,Tag0,unknown
1621871089589,0,8,1.7578125E-6,56,61,37,12229,96097,23278,6589,20712,15788,2453,1723,Tag0,unknown
1621871089704,0,68,1.4941406250000001E-5,56,61,37,12229,96097,23278,6589,20712,15788,2453,1723,Tag0,unknown
1621871089807,0,26,5.712890625E-6,56,61,37,12229,96097,23278,6589,20712,15788,2453,1723,Tag0,unknown
1621871089907,0,73,1.6040039062500002E-5,56,61,37,12229,96097,23278,6589,20712,15788,2453,1723,Tag0,unknown
1621871090007,0,4,8.7890625E-7,56,61,37,12229,96097,23278,6589,20712,15788,2453,1723,Tag0,unknown
1621871090111,0,36,7.91015625E-6,56,61,37,12229,96097,23278,6589,20712,15788,2453,1723,Tag0,unknown
1621871090221,0,122,2.6806640625E-5,66,63,37,134948,32100,16759030,30734,28086,24520,13405,1003,Tag0,unknown
1621871090321,0,109,2.39501953125E-5,66,63,37,134948,32100,16759030,30734,28086,24520,13405,1003,Tag0,unknown
1621871090422,0,-109,-2.39501953125E-5,66,63,37,134948,32100,16759030,30734,28086,24520,13405,1003,Tag0,unknown
1621871090522,0,108,2.3730468750000002E-5,66,63,37,134948,32100,16759030,30734,28086,24520,13405,1003,Tag0,unknown
1621871090623,0,7,1.5380859375E-6,66,63,37,134948,32100,16759030,30734,28086,24520,13405,1003,Tag0,unknown
1621871090723,0,75,1.64794921875E-5,66,63,37,134948,32100,16759030,30734,28086,24520,13405,1003,Tag0,unknown
1621871090823,0,-264,-5.80078125E-5,66,63,37,134948,32100,16759030,30734,28086,24520,13405,1003,Tag0,unknown
1621871090923,0,77,1.69189453125E-5,66,63,37,134948,32100,16759030,30734,28086,24520,13405,1003,Tag0,unknown
1621871091023,0,28,6.15234375E-6,66,63,37,134948,32100,16759030,30734,28086,24520,13405,1003,Tag0,unknown
1621871091124,0,23,5.0537109375E-6,66,63,37,134948,32100,16759030,30734,28086,24520,13405,1003,Tag0,unknown
1621871091225,0,32,7.03125E-6,48,56,37,452955,35731,20192,15994,12332,5049,5240,2659,Tag0,unknown
1621871091326,0,-283,-6.218261718750001E-5,48,56,37,452955,35731,20192,15994,12332,5049,5240,2659,Tag0,unknown
1621871091427,0,-64,-1.40625E-5,48,56,37,452955,35731,20192,15994,12332,5049,5240,2659,Tag0,unknown
1621871091527,0,-121,-2.6586914062500003E-5,48,56,37,452955,35731,20192,15994,12332,5049,5240,2659,Tag0,unknown
1621871091641,0,-268,-5.8886718750000006E-5,48,56,37,452955,35731,20192,15994,12332,5049,5240,2659,Tag0,unknown
1621871091744,0,77,1.69189453125E-5,48,56,37,452955,35731,20192,15994,12332,5049,5240,2659,Tag0,unknown
1621871091844,0,56,1.23046875E-5,48,56,37,452955,35731,20192,15994,12332,5049,5240,2659,Tag0,unknown
1621871091944,0,44,9.66796875E-6,48,56,37,452955,35731,20192,15994,12332,5049,5240,2659,Tag0,unknown
1621871092044,0,-280,-6.15234375E-5,48,56,37,452955,35731,20192,15994,12332,5049,5240,2659,Tag0,unknown
1621871092144,0,-278,-6.108398437500001E-5,50,56,37,999987,70577,13626,16749710,9624,11280,2850,1647,Tag0,unknown
1621871092244,0,3,6.591796875E-7,50,56,37,999987,70577,13626,16749710,9624,11280,2850,1647,Tag0,unknown
1621871092344,0,40,8.7890625E-6,50,56,37,999987,70577,13626,16749710,9624,11280,2850,1647,Tag0,unknown
1621871092445,0,70,1.5380859375E-5,50,56,37,999987,70577,13626,16749710,9624,11280,2850,1647,Tag0,unknown
1621871092545,0,6,1.318359375E-6,50,56,37,999987,70577,13626,16749710,9624,11280,2850,1647,Tag0,unknown
1621871092647,0,-299,-6.56982421875E-5,50,56,37,999987,70577,13626,16749710,9624,11280,2850,1647,Tag0,unknown
1621871092747,0,-151,-3.31787109375E-5,50,56,37,999987,70577,13626,16749710,9624,11280,2850,1647,Tag0,unknown
1621871092863,0,-95,-2.08740234375E-5,50,56,37,999987,70577,13626,16749710,9624,11280,2850,1647,Tag0,unknown
1621871092963,0,90,1.9775390625E-5,50,56,37,999987,70577,13626,16749710,9624,11280,2850,1647,Tag0,unknown
1621871093063,0,69,1.51611328125E-5,50,56,37,999987,70577,13626,16749710,9624,11280,2850,1647,Tag0,unknown
1621871093163,0,54,1.1865234375000001E-5,50,83,37,272189,1686,14238,9606,3379,2728,687,534,Tag0,unknown
1621871093263,0,51,1.1206054687499999E-5,50,83,37,272189,1686,14238,9606,3379,2728,687,534,Tag0,unknown
1621871093365,0,-309,-6.78955078125E-5,50,83,37,272189,1686,14238,9606,3379,2728,687,534,Tag0,unknown
1621871093465,0,58,1.2744140625E-5,50,83,37,272189,1686,14238,9606,3379,2728,687,534,Tag0,unknown
1621871093565,0,-262,-5.7568359375E-5,50,83,37,272189,1686,14238,9606,3379,2728,687,534,Tag0,unknown
1621871093665,0,92,2.021484375E-5,50,83,37,272189,1686,14238,9606,3379,2728,687,534,Tag0,unknown
1621871093765,0,-260,-5.712890625E-5,50,83,37,272189,1686,14238,9606,3379,2728,687,534,Tag0,unknown
1621871093865,0,-278,-6.108398437500001E-5,50,83,37,272189,1686,14238,9606,3379,2728,687,534,Tag0,unknown
1621871093980,0,122,2.6806640625E-5,50,83,37,272189,1686,14238,9606,3379,2728,687,534,Tag0,unknown
1621871094082,0,-107,-2.35107421875E-5,50,83,37,272189,1686,14238,9606,3379,2728,687,534,Tag0,unknown
1621871094184,0,-276,-6.064453125E-5,40,69,37,496348,63173,16749833,15148,16748455,17151,9834,2141,Tag0,unknown
1621871094298,0,-119,-2.6147460937500004E-5,40,69,37,496348,63173,16749833,15148,16748455,17151,9834,2141,Tag0,unknown
1621871094399,0,-257,-5.64697265625E-5,40,69,37,496348,63173,16749833,15148,16748455,17151,9834,2141,Tag0,unknown
1621871094500,0,23,5.0537109375E-6,40,69,37,496348,63173,16749833,15148,16748455,17151,9834,2141,Tag0,unknown
1621871094600,0,51,1.1206054687499999E-5,40,69,37,496348,63173,16749833,15148,16748455,17151,9834,2141,Tag0,unknown
1621871094700,0,89,1.95556640625E-5,40,69,37,496348,63173,16749833,15148,16748455,17151,9834,2141,Tag0,unknown
1621871094800,0,26,5.712890625E-6,40,69,37,496348,63173,16749833,15148,16748455,17151,9834,2141,Tag0,unknown
1621871094901,0,4,8.7890625E-7,40,69,37,496348,63173,16749833,15148,16748455,17151,9834,2141,Tag0,unknown
1621871095002,0,37,8.1298828125E-6,40,69,37,496348,63173,16749833,15148,16748455,17151,9834,2141,Tag0,unknown
1621871095103,0,-307,-6.74560546875E-5,40,69,37,496348,63173,16749833,15148,16748455,17151,9834,2141,Tag0,unknown
1621871095219,0,-124,-2.724609375E-5,54,81,37,731349,16762316,16748522,16745856,19403,18282,6961,2826,Tag0,unknown
1621871095319,0,-268,-5.8886718750000006E-5,54,81,37,731349,16762316,16748522,16745856,19403,18282,6961,2826,Tag0,unknown
1621871095422,0,-266,-5.8447265625E-5,54,81,37,731349,16762316,16748522,16745856,19403,18282,6961,2826,Tag0,unknown
1621871095537,0,-91,-1.99951171875E-5,54,81,37,731349,16762316,16748522,16745856,19403,18282,6961,2826,Tag0,unknown
1621871095637,0,73,1.6040039062500002E-5,54,81,37,731349,16762316,16748522,16745856,19403,18282,6961,2826,Tag0,unknown
1621871095737,0,67,1.4721679687500002E-5,54,81,37,731349,16762316,16748522,16745856,19403,18282,6961,2826,Tag0,unknown
1621871095837,0,32,7.03125E-6,54,81,37,731349,16762316,16748522,16745856,19403,18282,6961,2826,Tag0,unknown
1621871095939,0,-262,-5.7568359375E-5,54,81,37,731349,16762316,16748522,16745856,19403,18282,6961,2826,Tag0,unknown
1621871096039,0,49,1.07666015625E-5,54,81,37,731349,16762316,16748522,16745856,19403,18282,6961,2826,Tag0,unknown
1621871096154,0,-269,-5.9106445312499996E-5,54,81,37,731349,16762316,16748522,16745856,19403,18282,6961,2826,Tag0,unknown
1621871096254,0,117,2.5708007812499998E-5,47,74,37,465289,200749,16757237,11405,31340,11751,3091,1667,Tag0,unknown
1621871096354,0,36,7.91015625E-6,47,74,37,465289,200749,16757237,11405,31340,11751,3091,1667,Tag0,unknown
1621871096455,0,99,2.1752929687500003E-5,47,74,37,465289,200749,16757237,11405,31340,11751,3091,1667,Tag0,unknown
1621871096555,0,51,1.1206054687499999E-5,47,74,37,465289,200749,16757237,11405,31340,11751,3091,1667,Tag0,unknown
1621871096655,0,54,1.1865234375000001E-5,47,74,37,465289,200749,16757237,11405,31340,11751,3091,1667,Tag0,unknown
1621871096756,0,-274,-6.0205078124999997E-5,47,74,37,465289,200749,16757237,11405,31340,11751,3091,1667,Tag0,unknown
1621871096856,0,-122,-2.6806640625E-5,47,74,37,465289,200749,16757237,11405,31340,11751,3091,1667,Tag0,unknown
1621871096956,0,51,1.1206054687499999E-5,47,74,37,465289,200749,16757237,11405,31340,11751,3091,1667,Tag0,unknown
1621871097056,0,96,2.109375E-5,47,74,37,465289,200749,16757237,11405,31340,11751,3091,1667,Tag0,unknown
1621871097156,0,10,2.197265625E-6,50,51,37,244442,56914,11229,16757268,17930,26098,4500,900,Tag0,unknown
1621871097257,0,82,1.8017578124999998E-5,50,51,37,244442,56914,11229,16757268,17930,26098,4500,900,Tag0,unknown
1621871097357,0,52,1.142578125E-5,50,51,37,244442,56914,11229,16757268,17930,26098,4500,900,Tag0,unknown
1621871097457,0,76,1.669921875E-5,50,51,37,244442,56914,11229,16757268,17930,26098,4500,900,Tag0,unknown
1621871097562,0,-378,-8.3056640625E-5,50,51,37,244442,56914,11229,16757268,17930,26098,4500,900,Tag0,unknown
1621871097662,0,96,2.109375E-5,50,51,37,244442,56914,11229,16757268,17930,26098,4500,900,Tag0,unknown
1621871097773,0,-296,-6.50390625E-5,50,51,37,244442,56914,11229,16757268,17930,26098,4500,900,Tag0,unknown
1621871097875,0,36,7.91015625E-6,50,51,37,244442,56914,11229,16757268,17930,26098,4500,900,Tag0,unknown
1621871097981,0,59,1.29638671875E-5,50,51,37,244442,56914,11229,16757268,17930,26098,4500,900,Tag0,unknown
1621871098092,0,65,1.42822265625E-5,50,51,37,244442,56914,11229,16757268,17930,26098,4500,900,Tag0,unknown
1621871098192,0,84,1.8457031250000004E-5,47,53,37,457221,133249,7126,16773626,16768876,14856,9700,2447,Tag0,unknown
1621871098296,0,66,1.4501953125E-5,47,53,37,457221,133249,7126,16773626,16768876,14856,9700,2447,Tag0,unknown
1621871098409,0,71,1.56005859375E-5,47,53,37,457221,133249,7126,16773626,16768876,14856,9700,2447,Tag0,unknown
1621871098522,0,-307,-6.74560546875E-5,47,53,37,457221,133249,7126,16773626,16768876,14856,9700,2447,Tag0,unknown
1621871098627,0,68,1.4941406250000001E-5,47,53,37,457221,133249,7126,16773626,16768876,14856,9700,2447,Tag0,unknown
1621871098727,0,-127,-2.79052734375E-5,47,53,37,457221,133249,7126,16773626,16768876,14856,9700,2447,Tag0,unknown
1621871098827,0,39,8.5693359375E-6,47,53,37,457221,133249,7126,16773626,16768876,14856,9700,2447,Tag0,unknown
1621871098927,0,76,1.669921875E-5,47,53,37,457221,133249,7126,16773626,16768876,14856,9700,2447,Tag0,unknown
1621871099028,0,24,5.2734375E-6,47,53,37,457221,133249,7126,16773626,16768876,14856,9700,2447,Tag0,unknown
1621871099128,0,108,2.3730468750000002E-5,37,41,37,734946,108670,20514,16748387,5857,14061,5053,2877,Tag0,unknown
1621871099228,0,81,1.77978515625E-5,37,41,37,734946,108670,20514,16748387,5857,14061,5053,2877,Tag0,unknown
1621871099328,0,28,6.15234375E-6,37,41,37,734946,108670,20514,16748387,5857,14061,5053,2877,Tag0,unknown
1621871099428,0,91,1.99951171875E-5,37,41,37,734946,108670,20514,16748387,5857,14061,5053,2877,Tag0,unknown
1621871099530,0,-276,-6.064453125E-5,37,41,37,734946,108670,20514,16748387,5857,14061,5053,2877,Tag0,unknown
1621871099646,0,87,1.91162109375E-5,37,41,37,734946,108670,20514,16748387,5857,14061,5053,2877,Tag0,unknown
1621871099747,0,86,1.8896484375000003E-5,37,41,37,734946,108670,20514,16748387,5857,14061,5053,2877,Tag0,unknown
1621871099847,0,35,7.6904296875E-6,37,41,37,734946,108670,20514,16748387,5857,14061,5053,2877,Tag0,unknown
1621871099947,0,42,9.228515625000002E-6,37,41,37,734946,108670,20514,16748387,5857,14061,5053,2877,Tag0,unknown
1621871100047,0,20,4.39453125E-6,37,41,37,734946,108670,20514,16748387,5857,14061,5053,2877,Tag0,unknown
1621871100149,0,23,5.0537109375E-6,40,43,37,16752048,143930,31777,18105,26623,10418,5748,688,Tag0,unknown
1621871100249,0,50,1.0986328125E-5,40,43,37,16752048,143930,31777,18105,26623,10418,5748,688,Tag0,unknown
1621871100349,0,64,1.40625E-5,40,43,37,16752048,143930,31777,18105,26623,10418,5748,688,Tag0,unknown
1621871100450,0,-290,-6.3720703125E-5,40,43,37,16752048,143930,31777,18105,26623,10418,5748,688,Tag0,unknown
1621871100565,0,-267,-5.86669921875E-5,40,43,37,16752048,143930,31777,18105,26623,10418,5748,688,Tag0,unknown
1621871100667,0,109,2.39501953125E-5,40,43,37,16752048,143930,31777,18105,26623,10418,5748,688,Tag0,unknown
1621871100767,0,2,4.39453125E-7,40,43,37,16752048,143930,31777,18105,26623,10418,5748,688,Tag0,unknown
1621871100867,0,5,1.0986328125E-6,40,43,37,16752048,143930,31777,18105,26623,10418,5748,688,Tag0,unknown
1621871100967,0,-163,-3.5815429687500006E-5,40,43,37,16752048,143930,31777,18105,26623,10418,5748,688,Tag0,unknown
1621871101067,0,-118,-2.5927734375E-5,40,43,37,16752048,143930,31777,18105,26623,10418,5748,688,Tag0,unknown
1621871101167,0,54,1.1865234375000001E-5,26,48,37,361518,51286,16755754,27180,19813,8639,6687,1564,Tag0,unknown
1621871101267,0,5,1.0986328125E-6,26,48,37,361518,51286,16755754,27180,19813,8639,6687,1564,Tag0,unknown
1621871101368,0,27,5.9326171875000005E-6,26,48,37,361518,51286,16755754,27180,19813,8639,6687,1564,Tag0,unknown
1621871101468,0,76,1.669921875E-5,26,48,37,361518,51286,16755754,27180,19813,8639,6687,1564,Tag0,unknown
1621871101568,0,20,4.39453125E-6,26,48,37,361518,51286,16755754,27180,19813,8639,6687,1564,Tag0,unknown
1621871101668,0,73,1.6040039062500002E-5,26,48,37,361518,51286,16755754,27180,19813,8639,6687,1564,Tag0,unknown
1621871101768,0,60,1.318359375E-5,26,48,37,361518,51286,16755754,27180,19813,8639,6687,1564,Tag0,unknown
1621871101869,0,17,3.7353515625000003E-6,26,48,37,361518,51286,16755754,27180,19813,8639,6687,1564,Tag0,unknown
1621871101969,0,-101,-2.2192382812500002E-5,26,48,37,361518,51286,16755754,27180,19813,8639,6687,1564,Tag0,unknown
1621871102070,0,43,9.448242187500001E-6,26,48,37,361518,51286,16755754,27180,19813,8639,6687,1564,Tag0,unknown
1621871102170,0,66,1.4501953125E-5,21,60,37,88226,19261,2244,20131,2679,1901,1210,314,Tag0,unknown
1621871102270,0,-140,-3.076171875E-5,21,60,37,88226,19261,2244,20131,2679,1901,1210,314,Tag0,unknown
1621871102386,0,60,1.318359375E-5,21,60,37,88226,19261,2244,20131,2679,1901,1210,314,Tag0,unknown
1621871102488,0,48,1.0546875E-5,21,60,37,88226,19261,2244,20131,2679,1901,1210,314,Tag0,unknown
1621871102604,0,9,1.9775390625E-6,21,60,37,88226,19261,2244,20131,2679,1901,1210,314,Tag0,unknown
1621871102704,0,32,7.03125E-6,21,60,37,88226,19261,2244,20131,2679,1901,1210,314,Tag0,unknown
1621871102805,0,17,3.7353515625000003E-6,21,60,37,88226,19261,2244,20131,2679,1901,1210,314,Tag0,unknown
1621871102905,0,54,1.1865234375000001E-5,21,60,37,88226,19261,2244,20131,2679,1901,1210,314,Tag0,unknown
1621871103005,0,37,8.1298828125E-6,21,60,37,88226,19261,2244,20131,2679,1901,1210,314,Tag0,unknown
1621871103122,0,-275,-6.04248046875E-5,21,60,37,88226,19261,2244,20131,2679,1901,1210,314,Tag0,unknown
1621871103222,0,5,1.0986328125E-6,26,70,37,16766336,16625,17044,12680,11086,4012,854,351,Tag0,unknown
1621871103336,0,42,9.228515625000002E-6,26,70,37,16766336,16625,17044,12680,11086,4012,854,351,Tag0,unknown
1621871103439,0,-264,-5.80078125E-5,26,70,37,16766336,16625,17044,12680,11086,4012,854,351,Tag0,unknown
1621871103539,0,-106,-2.3291015625000003E-5,26,70,37,16766336,16625,17044,12680,11086,4012,854,351,Tag0,unknown
1621871103640,0,-279,-6.13037109375E-5,26,70,37,16766336,16625,17044,12680,11086,4012,854,351,Tag0,unknown
1621871103740,0,55,1.20849609375E-5,26,70,37,16766336,16625,17044,12680,11086,4012,854,351,Tag0,unknown
1621871103840,0,56,1.23046875E-5,26,70,37,16766336,16625,17044,12680,11086,4012,854,351,Tag0,unknown
1621871103940,0,29,6.3720703125E-6,26,70,37,16766336,16625,17044,12680,11086,4012,854,351,Tag0,unknown
1621871104040,0,39,8.5693359375E-6,26,70,37,16766336,16625,17044,12680,11086,4012,854,351,Tag0,unknown
1621871104141,0,53,1.1645507812500002E-5,11,64,37,405446,394738,16173,16753231,18880,4665,5385,785,Tag0,unknown
1621871104260,0,88,1.93359375E-5,11,64,37,405446,394738,16173,16753231,18880,4665,5385,785,Tag0,unknown
1621871104386,0,16,3.515625E-6,11,64,37,405446,394738,16173,16753231,18880,4665,5385,785,Tag0,unknown
1621871104487,0,61,1.34033203125E-5,11,64,37,405446,394738,16173,16753231,18880,4665,5385,785,Tag0,unknown
1621871104592,0,123,2.70263671875E-5,11,64,37,405446,394738,16173,16753231,18880,4665,5385,785,Tag0,unknown
1621871104708,0,112,2.4609375E-5,11,64,37,405446,394738,16173,16753231,18880,4665,5385,785,Tag0,unknown
1621871104810,0,20,4.39453125E-6,11,64,37,405446,394738,16173,16753231,18880,4665,5385,785,Tag0,unknown
1621871104910,0,40,8.7890625E-6,11,64,37,405446,394738,16173,16753231,18880,4665,5385,785,Tag0,unknown
1621871105010,0,19,4.1748046875E-6,11,64,37,405446,394738,16173,16753231,18880,4665,5385,785,Tag0,unknown
1621871105112,0,-284,-6.240234375E-5,11,64,37,405446,394738,16173,16753231,18880,4665,5385,785,Tag0,unknown
1621871105212,0,-265,-5.82275390625E-5,13,53,37,245380,201676,12201,27232,12297,12077,9498,788,Tag0,unknown
1621871105327,0,-119,-2.6147460937500004E-5,13,53,37,245380,201676,12201,27232,12297,12077,9498,788,Tag0,unknown
1621871105427,0,28,6.15234375E-6,13,53,37,245380,201676,12201,27232,12297,12077,9498,788,Tag0,unknown
1621871105530,0,80,1.7578125E-5,13,53,37,245380,201676,12201,27232,12297,12077,9498,788,Tag0,unknown
1621871105631,0,17,3.7353515625000003E-6,13,53,37,245380,201676,12201,27232,12297,12077,9498,788,Tag0,unknown
1621871105744,0,71,1.56005859375E-5,13,53,37,245380,201676,12201,27232,12297,12077,9498,788,Tag0,unknown
1621871105847,0,-260,-5.712890625E-5,13,53,37,245380,201676,12201,27232,12297,12077,9498,788,Tag0,unknown
1621871105963,0,-99,-2.1752929687500003E-5,13,53,37,245380,201676,12201,27232,12297,12077,9498,788,Tag0,unknown
1621871106063,0,80,1.7578125E-5,13,53,37,245380,201676,12201,27232,12297,12077,9498,788,Tag0,unknown
1621871106180,0,12,2.63671875E-6,10,44,37,204364,137440,16754855,16745983,24791,5956,8561,2876,Tag0,unknown
1621871106280,0,-277,-6.0864257812500005E-5,10,44,37,204364,137440,16754855,16745983,24791,5956,8561,2876,Tag0,unknown
1621871106380,0,9,1.9775390625E-6,10,44,37,204364,137440,16754855,16745983,24791,5956,8561,2876,Tag0,unknown
1621871106480,0,-285,-6.26220703125E-5,10,44,37,204364,137440,16754855,16745983,24791,5956,8561,2876,Tag0,unknown
1621871106580,0,38,8.349609375E-6,10,44,37,204364,137440,16754855,16745983,24791,5956,8561,2876,Tag0,unknown
1621871106680,0,34,7.4707031250000005E-6,10,44,37,204364,137440,16754855,16745983,24791,5956,8561,2876,Tag0,unknown
1621871106781,0,69,1.51611328125E-5,10,44,37,204364,137440,16754855,16745983,24791,5956,8561,2876,Tag0,unknown
1621871106886,0,-294,-6.4599609375E-5,10,44,37,204364,137440,16754855,16745983,24791,5956,8561,2876,Tag0,unknown
1621871106998,0,-331,-7.272949218750001E-5,10,44,37,204364,137440,16754855,16745983,24791,5956,8561,2876,Tag0,unknown
1621871107108,0,86,1.8896484375000003E-5,10,44,37,204364,137440,16754855,16745983,24791,5956,8561,2876,Tag0,unknown
1621871107215,0,-95,-2.08740234375E-5,1,30,37,137640,16758430,2386,11092,1371,1374,766,848,Tag0,unknown
1621871107315,0,74,1.6259765625E-5,1,30,37,137640,16758430,2386,11092,1371,1374,766,848,Tag0,unknown
1621871107415,0,60,1.318359375E-5,1,30,37,137640,16758430,2386,11092,1371,1374,766,848,Tag0,unknown
1621871107516,0,37,8.1298828125E-6,1,30,37,137640,16758430,2386,11092,1371,1374,766,848,Tag0,unknown
1621871107616,0,92,2.021484375E-5,1,30,37,137640,16758430,2386,11092,1371,1374,766,848,Tag0,unknown
1621871107716,0,5,1.0986328125E-6,1,30,37,137640,16758430,2386,11092,1371,1374,766,848,Tag0,unknown
1621871107817,0,102,2.2412109374999998E-5,1,30,37,137640,16758430,2386,11092,1371,1374,766,848,Tag0,unknown
1621871107917,0,37,8.1298828125E-6,1,30,37,137640,16758430,2386,11092,1371,1374,766,848,Tag0,unknown
1621871108019,0,74,1.6259765625E-5,1,30,37,137640,16758430,2386,11092,1371,1374,766,848,Tag0,unknown
1621871108119,0,36,7.91015625E-6,1,30,37,137640,16758430,2386,11092,1371,1374,766,848,Tag0,unknown
1621871108222,0,50,1.0986328125E-5,21,41,37,97121,13073,3214,5375,6592,2983,1821,626,Tag0,unknown
1621871108334,0,74,1.6259765625E-5,21,41,37,97121,13073,3214,5375,6592,2983,1821,626,Tag0,unknown
1621871108435,0,89,1.95556640625E-5,21,41,37,97121,13073,3214,5375,6592,2983,1821,626,Tag0,unknown
1621871108535,0,20,4.39453125E-6,21,41,37,97121,13073,3214,5375,6592,2983,1821,626,Tag0,unknown
1621871108635,0,68,1.4941406250000001E-5,21,41,37,97121,13073,3214,5375,6592,2983,1821,626,Tag0,unknown
1621871108735,0,-293,-6.43798828125E-5,21,41,37,97121,13073,3214,5375,6592,2983,1821,626,Tag0,unknown
1621871108837,0,66,1.4501953125E-5,21,41,37,97121,13073,3214,5375,6592,2983,1821,626,Tag0,unknown
1621871108955,0,-258,-5.6689453125000004E-5,21,41,37,97121,13073,3214,5375,6592,2983,1821,626,Tag0,unknown
1621871109069,0,35,7.6904296875E-6,21,41,37,97121,13073,3214,5375,6592,2983,1821,626,Tag0,unknown
1621871109169,0,26,5.712890625E-6,14,51,37,175354,153461,29858,16755186,16392,5491,6532,1120,Tag0,unknown
1621871109269,0,55,1.20849609375E-5,14,51,37,175354,153461,29858,16755186,16392,5491,6532,1120,Tag0,unknown
1621871109370,0,49,1.07666015625E-5,14,51,37,175354,153461,29858,16755186,16392,5491,6532,1120,Tag0,unknown
1621871109470,0,17,3.7353515625000003E-6,14,51,37,175354,153461,29858,16755186,16392,5491,6532,1120,Tag0,unknown
1621871109570,0,-80,-1.7578125E-5,14,51,37,175354,153461,29858,16755186,16392,5491,6532,1120,Tag0,unknown
1621871109670,0,-126,-2.7685546875E-5,14,51,37,175354,153461,29858,16755186,16392,5491,6532,1120,Tag0,unknown
1621871109770,0,60,1.318359375E-5,14,51,37,175354,153461,29858,16755186,16392,5491,6532,1120,Tag0,unknown
1621871109871,0,80,1.7578125E-5,14,51,37,175354,153461,29858,16755186,16392,5491,6532,1120,Tag0,unknown
1621871109971,0,60,1.318359375E-5,14,51,37,175354,153461,29858,16755186,16392,5491,6532,1120,Tag0,unknown
1621871110072,0,49,1.07666015625E-5,14,51,37,175354,153461,29858,16755186,16392,5491,6532,1120,Tag0,unknown
1621871110174,0,53,1.1645507812500002E-5,24,61,37,16772047,17808,27821,25175,30203,5065,4303,2157,Tag0,unknown
1621871110274,0,75,1.64794921875E-5,24,61,37,16772047,17808,27821,25175,30203,5065,4303,2157,Tag0,unknown
1621871110374,0,88,1.93359375E-5,24,61,37,16772047,17808,27821,25175,30203,5065,4303,2157,Tag0,unknown
1621871110490,0,22,4.833984375E-6,24,61,37,16772047,17808,27821,25175,30203,5065,4303,2157,Tag0,unknown
1621871110590,0,-137,-3.0102539062499998E-5,24,61,37,16772047,17808,27821,25175,30203,5065,4303,2157,Tag0,unknown
1621871110690,0,-117,-2.5708007812499998E-5,24,61,37,16772047,17808,27821,25175,30203,5065,4303,2157,Tag0,unknown
1621871110791,0,118,2.5927734375E-5,24,61,37,16772047,17808,27821,25175,30203,5065,4303,2157,Tag0,unknown
1621871110891,0,-127,-2.79052734375E-5,24,61,37,16772047,17808,27821,25175,30203,5065,4303,2157,Tag0,unknown
1621871110993,0,84,1.8457031250000004E-5,24,61,37,16772047,17808,27821,25175,30203,5065,4303,2157,Tag0,unknown
1621871111093,0,16,3.515625E-6,24,61,37,16772047,17808,27821,25175,30203,5065,4303,2157,Tag0,unknown
1621871111193,0,-313,-6.87744140625E-5,35,70,37,602723,50339,16762782,16758727,11221,13777,5096,2118,Tag0,unknown
1621871111310,0,55,1.20849609375E-5,35,70,37,602723,50339,16762782,16758727,11221,13777,5096,2118,Tag0,unknown
1621871111410,0,101,2.2192382812500002E-5,35,70,37,602723,50339,16762782,16758727,11221,13777,5096,2118,Tag0,unknown
1621871111510,0,19,4.1748046875E-6,35,70,37,602723,50339,16762782,16758727,11221,13777,5096,2118,Tag0,unknown
1621871111610,0,36,7.91015625E-6,35,70,37,602723,50339,16762782,16758727,11221,13777,5096,2118,Tag0,unknown
1621871111713,0,5,1.0986328125E-6,35,70,37,602723,50339,16762782,16758727,11221,13777,5096,2118,Tag0,unknown
1621871111826,0,-359,-7.88818359375E-5,35,70,37,602723,50339,16762782,16758727,11221,13777,5096,2118,Tag0,unknown
1621871111927,0,102,2.2412109374999998E-5,35,70,37,602723,50339,16762782,16758727,11221,13777,5096,2118,Tag0,unknown
1621871112027,0,69,1.51611328125E-5,35,70,37,602723,50339,16762782,16758727,11221,13777,5096,2118,Tag0,unknown
1621871112127,0,41,9.008789062499999E-6,35,70,37,602723,50339,16762782,16758727,11221,13777,5096,2118,Tag0,unknown
1621871112229,0,72,1.58203125E-5,30,69,37,158553,21762,3763,10022,14343,3354,2693,1855,Tag0,unknown
1621871112329,0,16,3.515625E-6,30,69,37,158553,21762,3763,10022,14343,3354,2693,1855,Tag0,unknown
1621871112429,0,54,1.1865234375000001E-5,30,69,37,158553,21762,3763,10022,14343,3354,2693,1855,Tag0,unknown
1621871112529,0,54,1.1865234375000001E-5,30,69,37,158553,21762,3763,10022,14343,3354,2693,1855,Tag0,unknown
1621871112629,0,64,1.40625E-5,30,69,37,158553,21762,3763,10022,14343,3354,2693,1855,Tag0,unknown
1621871112729,0,7,1.5380859375E-6,30,69,37,158553,21762,3763,10022,14343,3354,2693,1855,Tag0,unknown
1621871112829,0,43,9.448242187500001E-6,30,69,37,158553,21762,3763,10022,14343,3354,2693,1855,Tag0,unknown
1621871112931,0,-258,-5.6689453125000004E-5,30,69,37,158553,21762,3763,10022,14343,3354,2693,1855,Tag0,unknown
1621871113047,0,86,1.8896484375000003E-5,30,69,37,158553,21762,3763,10022,14343,3354,2693,1855,Tag0,unknown
1621871113147,0,-265,-5.82275390625E-5,37,77,37,16763429,91456,10859,74422,7296,7264,6040,1846,Tag0,unknown
1621871113248,0,-105,-2.30712890625E-5,37,77,37,16763429,91456,10859,74422,7296,7264,6040,1846,Tag0,unknown
1621871113365,0,82,1.8017578124999998E-5,37,77,37,16763429,91456,10859,74422,7296,7264,6040,1846,Tag0,unknown
1621871113479,0,66,1.4501953125E-5,37,77,37,16763429,91456,10859,74422,7296,7264,6040,1846,Tag0,unknown
1621871113579,0,3,6.591796875E-7,37,77,37,16763429,91456,10859,74422,7296,7264,6040,1846,Tag0,unknown
1621871113680,0,92,2.021484375E-5,37,77,37,16763429,91456,10859,74422,7296,7264,6040,1846,Tag0,unknown
1621871113780,0,-293,-6.43798828125E-5,37,77,37,16763429,91456,10859,74422,7296,7264,6040,1846,Tag0,unknown
1621871113881,0,105,2.30712890625E-5,37,77,37,16763429,91456,10859,74422,7296,7264,6040,1846,Tag0,unknown
1621871113981,0,28,6.15234375E-6,37,77,37,16763429,91456,10859,74422,7296,7264,6040,1846,Tag0,unknown
1621871114081,0,44,9.66796875E-6,37,77,37,16763429,91456,10859,74422,7296,7264,6040,1846,Tag0,unknown
1621871114181,0,52,1.142578125E-5,26,60,37,144059,16757974,3592,8548,5976,1267,1403,324,Tag0,unknown
1621871114283,0,56,1.23046875E-5,26,60,37,144059,16757974,3592,8548,5976,1267,1403,324,Tag0,unknown
1621871114383,0,65,1.42822265625E-5,26,60,37,144059,16757974,3592,8548,5976,1267,1403,324,Tag0,unknown
1621871114483,0,25,5.4931640625E-6,26,60,37,144059,16757974,3592,8548,5976,1267,1403,324,Tag0,unknown
1621871114600,0,8,1.7578125E-6,26,60,37,144059,16757974,3592,8548,5976,1267,1403,324,Tag0,unknown
1621871114703,0,86,1.8896484375000003E-5,26,60,37,144059,16757974,3592,8548,5976,1267,1403,324,Tag0,unknown
1621871114803,0,113,2.48291015625E-5,26,60,37,144059,16757974,3592,8548,5976,1267,1403,324,Tag0,unknown
1621871114917,0,29,6.3720703125E-6,26,60,37,144059,16757974,3592,8548,5976,1267,1403,324,Tag0,unknown
1621871115018,0,40,8.7890625E-6,26,60,37,144059,16757974,3592,8548,5976,1267,1403,324,Tag0,unknown
1621871115118,0,41,9.008789062499999E-6,26,60,37,144059,16757974,3592,8548,5976,1267,1403,324,Tag0,unknown
1621871115218,0,65,1.42822265625E-5,29,57,37,199778,16751407,23540,23538,27445,7201,3423,1931,Tag0,unknown
1621871115320,0,-265,-5.82275390625E-5,29,57,37,199778,16751407,23540,23538,27445,7201,3423,1931,Tag0,unknown
1621871115420,0,11,2.4169921875E-6,29,57,37,199778,16751407,23540,23538,27445,7201,3423,1931,Tag0,unknown
1621871115520,0,87,1.91162109375E-5,29,57,37,199778,16751407,23540,23538,27445,7201,3423,1931,Tag0,unknown
1621871115620,0,122,2.6806640625E-5,29,57,37,199778,16751407,23540,23538,27445,7201,3423,1931,Tag0,unknown
1621871115720,0,-262,-5.7568359375E-5,29,57,37,199778,16751407,23540,23538,27445,7201,3423,1931,Tag0,unknown
1621871115820,0,101,2.2192382812500002E-5,29,57,37,199778,16751407,23540,23538,27445,7201,3423,1931,Tag0,unknown
1621871115923,0,44,9.66796875E-6,29,57,37,199778,16751407,23540,23538,27445,7201,3423,1931,Tag0,unknown
1621871116023,0,-110,-2.4169921875E-5,29,57,37,199778,16751407,23540,23538,27445,7201,3423,1931,Tag0,unknown
1621871116139,0,25,5.4931640625E-6,16,53,37,569634,58204,24803,16526,16760536,4503,7596,878,Tag0,unknown
1621871116239,0,-265,-5.82275390625E-5,16,53,37,569634,58204,24803,16526,16760536,4503,7596,878,Tag0,unknown
1621871116340,0,10,2.197265625E-6,16,53,37,569634,58204,24803,16526,16760536,4503,7596,878,Tag0,unknown
1621871116440,0,-40,-8.7890625E-6,16,53,71,569634,58204,24803,16526,16760536,4503,7596,878,Tag0,unknown
1621871116554,0,-230,-5.0537109375E-5,16,53,71,569634,58204,24803,16526,16760536,4503,7596,878,Tag0,unknown
1621871116659,0,-185,-4.06494140625E-5,16,53,71,569634,58204,24803,16526,16760536,4503,7596,878,Tag0,unknown
1621871116759,0,101,2.2192382812500002E-5,16,53,71,569634,58204,24803,16526,16760536,4503,7596,878,Tag0,unknown
1621871116859,0,52,1.142578125E-5,16,53,71,569634,58204,24803,16526,16760536,4503,7596,878,Tag0,unknown
